INSERT INTO projects (id, title, category, funding_goal, start_date, end_date) VALUES (1, "P1", "music", 2000, "14.10.18", "14.12.18");
INSERT INTO projects (id, title, category, funding_goal, start_date, end_date) VALUES (2, "P2", "books", 1500, "16.08.19", "16.11.19");
INSERT INTO projects (id, title, category, funding_goal, start_date, end_date) VALUES (3, "P3", "music", 100, "17.09.18", "17.01.20");
INSERT INTO projects (id, title, category, funding_goal, start_date, end_date) VALUES (4, "P4", "music", 3000, "14.10.18", "14.12.18");
INSERT INTO projects (id, title, category, funding_goal, start_date, end_date) VALUES (5, "P5", "books", 2000, "14.10.18", "14.12.18");
INSERT INTO projects (id, title, category, funding_goal, start_date, end_date) VALUES (6, "P6", "tech", 1200, "14.10.18", "14.12.18");
INSERT INTO projects (id, title, category, funding_goal, start_date, end_date) VALUES (7, "P7", "tech", 3000, "14.10.18", "14.12.18");
INSERT INTO projects (id, title, category, funding_goal, start_date, end_date) VALUES (8, "P8", "sports", 9000, "14.10.18", "14.12.18");
INSERT INTO projects (id, title, category, funding_goal, start_date, end_date) VALUES (9, "P9", "sports", 1300, "14.10.18", "14.12.18");
INSERT INTO projects (id, title, category, funding_goal, start_date, end_date) VALUES (10, "P10", "music", 800, "14.10.18", "14.12.18");

INSERT INTO users (id, name, age) VALUES (1, "User 1", 23);
INSERT INTO users (id, name, age) VALUES (2, "User 2", 70);
INSERT INTO users (id, name, age) VALUES (3, "User 3", 45);
INSERT INTO users (id, name, age) VALUES (4, "User 4", 19);
INSERT INTO users (id, name, age) VALUES (5, "User 5", 100);
INSERT INTO users (id, name, age) VALUES (6, "User 6", 90);
INSERT INTO users (id, name, age) VALUES (7, "User 7", 78);
INSERT INTO users (id, name, age) VALUES (8, "User 8", 26);
INSERT INTO users (id, name, age) VALUES (9, "User 9", 33);
INSERT INTO users (id, name, age) VALUES (10, "User 10", 65);
INSERT INTO users (id, name, age) VALUES (11, "User 11", 92);
INSERT INTO users (id, name, age) VALUES (12, "User 12", 38);
INSERT INTO users (id, name, age) VALUES (13, "User 13", 47);
INSERT INTO users (id, name, age) VALUES (14, "User 14", 84);
INSERT INTO users (id, name, age) VALUES (15, "User 15", 13);
INSERT INTO users (id, name, age) VALUES (16, "User 16", 16);
INSERT INTO users (id, name, age) VALUES (17, "User 17", 62);
INSERT INTO users (id, name, age) VALUES (18, "User 18", 32);
INSERT INTO users (id, name, age) VALUES (19, "User 19", 29);
INSERT INTO users (id, name, age) VALUES (20, "User 20", 15);

INSERT INTO pledges (amount, user_id, project_id) VALUES (150, 1, 8);
INSERT INTO pledges (amount, user_id, project_id) VALUES (10, 2, 10);
INSERT INTO pledges (amount, user_id, project_id) VALUES (2000, 3, 1);
INSERT INTO pledges (amount, user_id, project_id) VALUES (400, 3, 4);
INSERT INTO pledges (amount, user_id, project_id) VALUES (300, 4, 9);
INSERT INTO pledges (amount, user_id, project_id) VALUES (10, 4, 5);
INSERT INTO pledges (amount, user_id, project_id) VALUES (1000, 5, 2);
INSERT INTO pledges (amount, user_id, project_id) VALUES (150, 6, 3);
INSERT INTO pledges (amount, user_id, project_id) VALUES (1500, 6, 6);
INSERT INTO pledges (amount, user_id, project_id) VALUES (700, 7, 8);
INSERT INTO pledges (amount, user_id, project_id) VALUES (200, 7, 9);
INSERT INTO pledges (amount, user_id, project_id) VALUES (350, 7, 10);
INSERT INTO pledges (amount, user_id, project_id) VALUES (200, 7, 1);
INSERT INTO pledges (amount, user_id, project_id) VALUES (5000, 8, 1);
INSERT INTO pledges (amount, user_id, project_id) VALUES (50, 8, 3);
INSERT INTO pledges (amount, user_id, project_id) VALUES (5000, 8, 5);
INSERT INTO pledges (amount, user_id, project_id) VALUES (50, 8, 7);
INSERT INTO pledges (amount, user_id, project_id) VALUES (20, 9, 2);
INSERT INTO pledges (amount, user_id, project_id) VALUES (30, 10, 4);
INSERT INTO pledges (amount, user_id, project_id) VALUES (45, 11, 6);
INSERT INTO pledges (amount, user_id, project_id) VALUES (70, 12, 7);
INSERT INTO pledges (amount, user_id, project_id) VALUES (50000, 13, 8);
INSERT INTO pledges (amount, user_id, project_id) VALUES (5, 13, 9);
INSERT INTO pledges (amount, user_id, project_id) VALUES (60, 14, 10);
INSERT INTO pledges (amount, user_id, project_id) VALUES (1500, 15, 1);
INSERT INTO pledges (amount, user_id, project_id) VALUES (30, 16, 3);
INSERT INTO pledges (amount, user_id, project_id) VALUES (15000, 17, 4);
INSERT INTO pledges (amount, user_id, project_id) VALUES (4000, 18, 5);
INSERT INTO pledges (amount, user_id, project_id) VALUES (4500, 19, 9);
INSERT INTO pledges (amount, user_id, project_id) VALUES (1900, 20, 5);
